Layer,Name,GEOID,Longitude,Latitude,EDX_2016-2020,EDX_2015-2019,EDX_2014-2018,PCI_2016-2020,PCI_2015-2019,PCI_2014-2018,PCI_2013-2017,PCI_2012-2016,PCI_2011-2015,PCI_2010-2014,PCI-W_2016-2020,PCI-W_2015-2019,PCI-W_2014-2018,PCI-W_2013-2017,PCI-W_2012-2016,PCI-W_2011-2015,PCI-W_2010-2014,PCI-B_2016-2020,PCI-B_2015-2019,PCI-B_2014-2018,PCI-B_2013-2017,PCI-B_2012-2016,PCI-B_2011-2015,PCI-B_2010-2014,PCI-A_2016-2020,PCI-A_2015-2019,PCI-A_2014-2018,PCI-A_2013-2017,PCI-A_2012-2016,PCI-A_2011-2015,PCI-A_2010-2014,PCI-H_2016-2020,PCI-H_2015-2019,PCI-H_2014-2018,PCI-H_2013-2017,PCI-H_2012-2016,PCI-H_2011-2015,PCI-H_2010-2014,PCI-P_2016-2020,POV_2016-2020,POV_2015-2019,POV_2014-2018,POV_2013-2017,POV_2012-2016,POV_2011-2015,POV_2010-2014
Community area,Rogers Park,1,-87.670171,42.00963,0.77483055,0.785922779,0.787225017,31684.98936,29913.44048,29865.85132,28622.14595,27719.54681,27675.37522,27707.8546,42406.18702,41801.01869,42769.32001,40943.29673,42017.66081,42342.87387,42930.0764,21031.29759,20105.06976,19369.70547,19447.38252,18761.46709,19818.69652,20169.93944,33015.58628,29200.20741,35048.13996,29619.09842,28868.09143,26184.65133,30868.67349,23075.21646,20307.7843,19133.32683,18345.981,16272.21374,15880.88392,15294.44536,,21.80791281,24.9258199,25.22517983,24.90534622,25.33739296,25.29242464,25.92202473
Community area,Norwood Park,10,-87.803451,41.985248,0.653203629,0.668203425,0.667081367,48624.34847,47085.4784,45905.6989,44703.41895,41171.68791,40904.74683,39964.44169,52105.64191,51924.25698,49533.71983,47646.76401,43147.75888,42744.96248,41807.53656,19994.05971,17234.70159,9551.602227,35598.47653,30788.82255,35763.95917,23434.04463,42478.57618,39188.34873,38111.41238,45608.56044,45148.53132,42852.4784,45674.68486,38568.73846,31159.15757,31704.57446,30185.78632,28311.22819,27888.37034,28029.62021,,6.599287254,6.701653074,6.001470985,5.847230717,6.398371572,6.091668974,5.799823037
Community area,Jefferson Park,11,-87.771165,41.978836,0.741401947,0.7511057,0.736035475,37503.816,37378.81873,38012.99518,40255.52291,38953.73792,36954.89528,36653.54456,42951.47632,43517.58339,43220.49365,42816.70952,40864.34626,38337.62738,37117.65749,31914.21843,35340.61774,33921.271,34786.77368,38209.41966,28992.6176,33357.6985,34410.61226,31762.83136,28345.51646,30164.11242,28619.43125,28907.51297,29879.02692,28321.23411,25916.37607,28094.49653,32078.75815,33029.00759,30913.53687,30122.97398,9683.384414,8.08497531,9.81145393,10.2150969,8.108067695,8.884331776,9.236723955,8.522733302
Community area,Forest Glen,12,-87.758358,41.993938,0.512522367,0.49967242,0.520653434,62457.171,58010.17319,55414.64903,53916.49237,54000.74135,53057.53069,50722.27381,70811.75982,65681.39115,61618.08556,59412.36519,58448.07023,56392.99007,54332.67758,26825.7987,23981.10371,22969.06319,10569.11191,37647.29044,36332.54818,25023.86865,44546.07889,40466.69852,47089.41553,46268.40484,48469.55311,47573.85885,47451.70924,34272.811,27469.21721,25311.34993,25776.55852,26011.78928,29529.51734,30827.56323,,4.051133689,4.414242405,4.39414368,4.033674419,3.585833744,3.610882719,4.345550373
Community area,North Park,13,-87.723578,41.983651,0.769450878,0.754029662,0.736645325,34159.31027,37284.87902,37313.52802,37053.3739,34039.39497,33914.8245,33102.50596,38942.41938,38741.17717,38070.6978,35553.1276,34883.48118,36071.77823,37715.21098,36538.63913,26190.88567,23025.96284,19597.57918,21031.06121,18232.42843,13360.80971,30102.71353,27858.85482,28843.38488,29982.43637,28088.32947,28313.06438,28323.97215,26718.41616,23327.90394,21464.52653,22481.0061,21140.45408,20774.89126,20045.75839,,14.74598786,11.32781701,12.2835271,11.82838248,11.96932198,12.54845109,11.47262351
Community area,Albany Park,14,-87.721558,41.968078,0.753826843,0.764828545,0.75904608,34504.17668,33104.53577,31742.65649,30249.69632,29482.36645,28101.84181,27690.51016,54239.79928,49531.18146,47227.64397,47549.74546,46206.8998,42938.18141,43010.47343,26407.72845,26351.65158,26786.06727,24188.75503,24769.41565,22938.35993,25342.85316,32877.92394,27926.59274,26707.13363,28464.88078,29307.98942,26214.76982,27741.82018,22072.72295,20756.28863,19638.16492,17855.19218,17437.86256,16804.18835,16995.34477,30970.38903,13.22354077,14.34266274,15.5395733,16.62081449,16.98433627,17.77317189,17.89628806
Community area,Portage Park,15,-87.763401,41.954043,0.759413189,0.771106919,0.786531653,35315.64232,34619.58593,32826.81136,32191.38661,30760.46099,29465.01702,28241.63049,43995.58286,42057.10552,39479.53238,38914.6907,37581.82258,35242.72507,34257.57846,33775.62983,47269.18847,41801.53253,50464.71989,50495.17025,51596.15369,20553.23147,40363.04921,47076.89854,43605.73786,37747.70518,36395.03542,34658.40586,33227.65474,25536.13346,24789.16161,23358.62159,23346.19315,21698.15021,21173.21333,20128.48644,44917.79377,7.637966757,9.399213366,11.23116065,12.24882248,13.12017084,12.84838546,14.32394991
Community area,Irving Park,16,-87.723457,41.953589,0.72920818,0.728995434,0.733542397,40988.98487,42045.97866,40595.63542,37276.1783,35665.11469,33048.60587,32735.4985,55815.30995,53958.44514,51901.95421,47250.58281,45501.68591,43132.92666,42591.06724,45495.41142,49578.69423,46499.67786,42757.56913,37556.92088,30517.5802,28046.01948,43951.74839,39331.8727,39409.27762,41068.75075,36050.9475,32893.9433,31775.59781,24992.56597,23283.95362,22674.34965,20431.9121,20697.04498,19147.19982,18553.1548,30437.97229,8.668553836,8.704218816,9.524328816,10.02855844,9.492572043,11.24522741,12.31529722
Community area,Dunning,17,-87.806015,41.946522,0.747823515,0.762954741,0.778139244,35891.5445,34459.73247,33674.68066,32339.34562,31270.64638,30590.30034,30399.42757,39416.86022,37498.47351,36873.22739,35075.80814,33669.49952,32521.88781,31756.58642,41926.9692,30757.02818,26041.02263,26790.10496,21822.24825,20008.1767,18575.62337,39669.66661,36664.95526,36760.79969,39431.94069,35487.21729,34801.77693,38980.41802,28641.72877,25600.86749,25197.47706,25499.78626,24485.13062,24978.1144,25263.29649,43489.3369,6.944517023,6.959865042,8.16378573,9.653497988,10.78090102,11.63457975,11.03276074
Community area,Montclare,18,-87.798033,41.929306,0.798774828,0.810675002,0.804126044,29920.14043,30941.0039,28788.26513,29586.00669,29492.32168,25023.47608,22515.15334,35808.57251,43778.94261,39879.03072,41813.57472,44487.75721,43891.64308,32502.66649,33955.73432,36703.39303,37477.25672,33144.17558,27215.57444,22978.95617,28066.87918,33167.41315,40710.23188,38352.63485,57925.09387,51623.13543,47269.21105,29815.93541,26093.27539,24434.7726,23342.09113,22411.37639,21925.90964,16587.97497,16747.8365,25517.60374,12.18126736,11.6889146,12.80309756,13.86928666,13.54596226,15.22813628,14.53096084
Community area,Belmont Cragin,19,-87.765502,41.927275,0.799761371,0.799617288,0.800567435,22805.91568,21776.45027,20907.62676,20433.12179,19861.39874,19232.55207,18575.01592,32952.4602,31218.86498,31296.21717,30560.41492,29739.02663,30077.12198,30612.90375,33217.74077,26737.39609,27414.57555,24832.14106,24100.40234,22100.48639,20344.0277,28167.9038,28302.05594,29218.7324,28553.48413,26481.16815,29508.07153,32193.38527,20407.96275,19496.03354,18455.43243,17734.90824,17331.87643,16583.54362,15828.29897,26418.45378,15.17622743,15.79229789,16.99325946,19.69913319,18.97253283,20.31881712,20.66735038
Community area,West Ridge,2,-87.695017,42.001583,0.772778535,0.77278121,0.785905153,29551.46759,29916.50857,29013.96665,29091.62508,28779.50813,29008.74604,28661.17325,40258.80926,37271.5795,37033.22431,37587.94817,36937.05856,38853.3853,36972.60859,23511.57366,23238.56959,22153.26481,23110.52042,22929.7842,23673.36059,24670.1262,22805.18715,20979.0277,19784.25754,20263.81048,19916.4813,19296.41395,19107.648,21131.47226,18543.68239,18825.70898,17953.89432,18518.02651,17569.43488,18494.46167,6516.200784,17.06603314,19.52028209,19.54439936,18.86214152,21.84744478,20.94705154,18.21898114
Community area,Hermosa,20,-87.734741,41.924353,0.789314219,0.792059683,0.791778799,25582.66117,23735.89254,21732.73081,20227.14537,18645.90895,17812.44084,17077.53502,56588.44684,41401.1615,42223.50832,35150.99202,34380.80188,32527.24721,34306.18731,25423.59189,28541.82565,26918.31344,27771.35003,29345.30765,23163.39453,17655.88294,25603.41728,33970.83952,31703.51239,30007.18884,38471.76404,38618.5285,36654.94205,22178.68789,20373.80519,18113.34762,17249.55517,16531.54133,16041.06761,15093.06049,22074.17481,12.8151237,16.45826517,18.9940675,20.39948734,21.61945485,22.40023325,21.41775773
Community area,Avondale,21,-87.711219,41.938673,0.761558255,0.771462217,0.781978308,37563.84161,35722.8392,32508.54312,31017.103,28261.63401,25738.68702,26002.69053,59519.26228,57595.7048,51261.10937,49033.43742,46190.85784,40625.1225,38467.81758,38950.68112,35963.29185,30481.54217,32175.1277,25085.16322,29230.79925,30883.53118,68204.67674,52583.75468,50729.68134,50107.87325,46786.20487,42898.08318,42465.44015,21684.76791,20064.32895,18365.04449,16959.3419,16711.5274,15413.3771,16333.9893,8762.102895,14.02809777,14.32127063,16.07842198,18.60637968,20.00673523,20.28840183,18.67441397
Community area,Logan Square,22,-87.699149,41.922768,0.638528037,0.633510901,0.660434414,55978.79972,54282.44023,50679.68246,48070.5695,44340.12475,42194.77959,40878.62203,77962.17976,73245.16458,69664.10882,66963.69,62328.87614,57876.74469,56457.03718,30506.18387,26946.60237,24334.14627,23830.83215,21327.0223,21909.44568,24636.9026,75999.07402,72790.44066,71330.82141,69750.67267,64019.45419,60736.60025,66043.02833,25989.78968,23974.46128,22426.20641,20893.21835,19119.21253,18966.42856,18719.80554,26361.53045,11.70514502,11.31641683,11.62938469,12.99280853,14.8320211,15.83975194,17.73804675
Community area,Humboldt Park,23,-87.720917,41.90008,0.77217429,0.763458353,0.769134948,21783.21145,19079.48288,18703.30421,17050.99715,16301.09482,16635.65762,16379.326,50809.44932,46381.20205,45908.94517,42356.28322,40707.02591,44035.68499,43531.87384,18579.65899,18102.0955,16822.36263,15462.15529,14184.23614,14537.04085,13854.17342,64814.94523,38336.46169,35927.33726,34498.23128,29174.68407,27314.27166,35014.34638,18634.38342,16683.82697,16265.9184,15930.65293,15667.1734,15183.96403,15030.81517,12287.84658,27.25387144,26.68089561,28.95317433,30.77030317,30.69458853,31.70246114,34.18161893
Community area,West Town,24,-87.676358,41.901216,0.531354157,0.538897806,0.553671782,72484.91061,68152.27148,64069.52468,62912.25351,58303.79897,55267.75904,53200.36105,85742.76278,82301.50805,79292.305,77821.12053,75733.69663,72035.29261,68463.32096,39935.03787,36667.09482,29311.23432,29327.85508,26480.8009,23387.66351,22247.89978,117938.478,97663.74644,85013.81823,85115.36686,74296.34768,72666.75178,66440.24756,34390.90566,31609.48445,29773.3419,26949.46647,23477.84066,23003.32797,22479.66218,13170.65924,8.813681682,10.89194166,11.7942948,12.52787309,14.62794449,15.27709378,15.44066387
Community area,Austin,25,-87.763117,41.894113,0.760665129,0.755630251,0.76782362,22703.13585,23651.72825,21420.27109,20374.04056,19710.05486,19184.24357,18506.5045,39279.03404,34455.19479,35536.19398,35781.43384,32741.77522,33541.71253,33757.3903,21582.75968,20348.59809,18967.28461,18268.79752,17953.44644,17695.47486,16740.52424,173837.1279,139513.1683,114599.7692,129597.514,139512.4627,36910.29397,25953.48035,21606.90146,21016.94324,19133.86137,19336.59352,17381.19315,16042.64968,16323.12793,32705.7146,26.3993371,25.38345019,26.87624862,27.47276967,28.43462633,28.35666125,30.41884502
Community area,West Garfield Park,26,-87.730233,41.878602,0.721693775,0.730740956,0.729454797,15667.55356,15021.00941,14123.78973,13686.05618,13357.38507,13479.91417,12884.864,18492.67077,16413.68681,17564.59904,17440.41536,24829.49772,22368.86185,21004.20382,15444.87236,15157.52698,14057.644,13585.52208,13409.58277,13472.17102,12761.47618,20503.94469,16882.35001,,,,,,16787.23876,11971.8261,17583.87541,25341.10296,26007.03263,11832.49041,12528.54541,,36.22841227,39.0036086,40.91498914,42.57764481,47.40100816,47.38354238,48.72053704
Community area,East Garfield Park,27,-87.705892,41.878923,0.721910529,0.71923483,0.700539862,17066.86036,16757.46482,15213.57503,16250.97071,16880.89712,15199.4095,14983.49713,40108.30646,35914.9844,32130.12711,33913.60635,45813.60103,39683.62696,43447.68943,15323.45036,14919.61481,13726.40099,15103.09509,15137.89763,14080.84722,13674.21438,37114.65731,52864.86871,10068.97053,10405.0831,66641.21737,79957.79255,77425.56262,24191.34668,29368.467,24120.89676,20264.36186,25535.82191,20505.5208,19941.96513,,45.45701816,44.35119866,46.8129021,44.68042171,42.99512862,47.61351991,43.35730833
Community area,Near West Side,28,-87.663513,41.874016,0.495931727,0.545143094,0.546302298,64325.87668,47491.89856,45577.95654,45323.49503,43485.3042,42473.38889,41276.58937,86245.35879,84282.90302,82001.48633,81297.0169,77917.97465,76905.75631,74388.59341,31127.12961,26012.56541,25845.31408,23692.72205,23346.62823,22463.71703,19795.63943,63567.37857,60680.08483,55697.39468,54461.07327,53811.98305,49002.69667,49205.78758,50884.40395,48065.9414,44623.15775,45366.35574,40059.92634,38238.47078,35651.45629,9919.32676,18.83652207,25.43734147,27.5018334,26.37649126,27.10218342,27.67108595,29.101704
Community area,North Lawndale,29,-87.717218,41.860197,0.762110653,0.749592278,0.737542919,18632.3833,16469.43762,15480.71734,14903.08414,14377.9083,13440.86616,13707.54404,37393.44743,30572.90624,32489.96166,32052.02356,27344.49117,26169.1356,28790.44317,17568.23509,15990.31143,14774.91453,14174.02418,13623.62008,12291.07937,12614.29592,58114.86657,60085.10376,55243.94949,48576.4972,55618.11677,67701.68922,31857.50449,15631.73124,15295.41879,13535.88605,15046.93218,15209.99697,14176.91492,15143.79122,10700.4138,36.04822437,38.13909173,40.48991202,41.50381938,43.82198429,45.96384451,43.03438749
Community area,Uptown,3,-87.655899,41.965822,0.654315585,0.619092759,0.592425318,44455.88984,49457.07653,49199.37059,47044.70771,46106.15423,46942.6586,46880.83344,58177.54515,60143.3897,59290.44669,56735.45025,57676.92538,58256.11482,55972.05762,20530.73751,18520.76322,17633.32864,16425.50375,15787.60063,15682.93822,17562.79321,42562.40463,35654.77836,34894.34659,29819.88514,30136.63296,38506.97856,38491.50716,29790.2875,22696.79976,21977.96041,24709.66617,26829.36925,27389.56578,25448.3078,33354.34806,20.76155143,17.66577693,18.05633691,19.56755899,20.58602561,20.27812354,20.44462554
Community area,South Lawndale,30,-87.714,41.839091,0.722069717,0.747681845,0.742017591,16112.32507,13713.72977,12464.25429,12229.00108,11930.57634,12515.30524,11511.33097,24527.69565,19862.74102,20070.97771,21609.27269,23380.07218,24101.39657,23031.3715,7363.936869,4665.124162,4795.093624,5509.505702,5619.325399,6992.912091,6309.557096,44488.18556,19126.01336,18735.74286,7938.175777,9758.742006,5476.750442,5923.274318,16164.12157,14590.81184,13535.64487,13150.03256,12703.37499,12172.85397,12012.55432,28743.49697,25.15171999,27.97049844,31.5339345,31.85676245,30.70548179,30.84974087,33.78534515
Community area,Lower West Side,31,-87.66757,41.850277,0.765040861,0.791842786,0.800562138,32505.22343,28702.90174,26180.80072,24457.89122,22324.20781,19568.57116,19287.5799,49404.96288,45908.41004,42159.76815,41225.92618,39507.45247,39739.84823,39034.43034,41974.82631,41670.44275,31029.96797,31898.31549,30959.14148,28240.66295,24103.52132,36274.07265,33865.7328,33285.80192,34936.31064,34784.37378,29264.10735,29445.29883,25707.31703,22296.75258,20917.26969,19190.04265,17303.50795,15887.70444,16152.87036,29025.0496,14.09259882,15.41049229,22.13312172,21.87273867,26.79147094,30.46407041,29.20512585
Community area,Loop,32,-87.625194,41.878881,0.376759828,0.356215037,0.37141085,98255.48012,86882.14902,83937.85479,82550.26098,78638.4852,78705.06703,74962.01482,110818.0815,112857.2168,103009.3847,105771.06,102713.5967,101717.0836,97754.44888,66751.99786,50240.57873,54038.96149,44823.28375,39640.50185,37643.94884,41170.58293,89263.08898,65309.74721,69048.1866,65025.7575,62354.28163,66735.27059,64134.68691,60028.09212,53614.52975,64538.93234,61462.93251,67860.20595,70842.81564,53420.49928,7658.810899,9.498011207,11.38177031,11.50055548,12.84745601,13.39621298,13.50087311,13.09761131
Community area,Near South Side,33,-87.620344,41.857196,0.276795317,0.364680516,0.427143195,91617.8743,87308.74381,85143.16628,83715.00219,79043.71312,71785.72047,66683.54572,104139.8296,100719.6806,99543.23912,105040.8372,95459.84258,91810.03883,87008.95812,61694.036,68134.89312,74094.55051,69848.34462,69630.58363,62189.72245,60380.18188,103184.7703,106088.7468,96069.66701,94873.46113,98076.59445,81084.34488,74562.24453,70902.07617,100193.0359,79638.72495,78380.98768,66461.28522,65059.00334,65071.79778,,7.622704052,10.2572696,11.86427571,12.09156853,12.91782531,11.64511733,12.01520116
Community area,Armour Square,34,-87.633976,41.842083,0.775447936,0.741691369,0.739051538,26335.16734,21748.91101,19689.51711,20186.30385,18718.04669,17272.7452,17381.54616,50697.2791,45795.56185,43206.62445,45546.65021,38995.58485,37528.62385,38668.13703,11030.211,12203.75832,10155.5576,9430.163156,11725.50595,10586.13215,8576.95835,22933.70848,20048.77658,17879.41789,18070.93925,16471.52317,15328.0533,15827.84746,48027.48011,26786.48233,29509.01624,29324.70946,35699.373,26729.51316,22656.31882,,28.32819758,37.39262374,36.94324772,41.436844,38.67899728,39.87888872,40.74595969
Community area,Douglas,35,-87.61868,41.835122,0.633783364,0.637898828,0.648375312,29272.02425,30324.05761,29563.06339,28528.70255,27373.85627,26283.08606,26820.28708,41416.09138,25484.58137,22650.37922,22471.31467,23989.46586,24802.2669,25615.31142,29878.01356,26103.5824,26231.20149,24673.33612,23556.78345,22534.65252,22613.33708,29358.73656,23769.81357,21338.21136,21631.24652,19901.47705,22178.18221,24326.87035,30271.88143,41291.3534,51760.57164,42467.5539,38837.49894,46032.94534,31307.51706,,34.75470758,34.93128736,35.03763529,34.12942701,34.15290883,35.22930946,33.26110535
Community area,Oakland,36,-87.603217,41.823754,0.791127469,0.792799494,0.786194205,27332.65103,25027.07203,24788.45527,23891.18456,22740.09822,24260.95962,25235.4673,64277.48074,59602.6482,64776.14066,58401.09516,51437.56218,50285.24339,55193.26912,24865.97313,22570.93823,21175.81592,20379.82314,19833.26118,20719.44552,21473.47669,46882.28831,46486.13141,31135.95441,46569.16833,47406.00816,47096.73135,48766.92677,45876.77722,30533.81781,32458.23639,32725.9871,28013.63966,42755.94031,53227.97119,,29.19227275,24.73031645,27.65016478,29.25642215,29.88058839,32.01524457,37.73508141
Community area,Fuller Park,37,-87.632427,41.809082,0.695666689,0.736712985,0.754227322,15184.69579,17146.41608,17490.73256,20282.33251,19552.46472,21202.27655,18765.84584,37704.3156,22249.12225,22067.57859,23203.30297,19408.68429,29139.45675,22620.34088,13411.70981,16932.61387,17541.97217,19869.69938,19698.68147,20497.32825,18047.64412,31293.46104,29625.72426,27852.51416,26055.70653,24957.523,23571.60061,22094.24614,19393.36005,21928.35491,17905.76044,9960.843059,7939.71705,13040.9547,13130.68125,,47.47545933,29.33868489,24.61568577,28.54233568,31.8138892,32.71470477,37.70726166
Community area,Grand Boulevard,38,-87.61786,41.812947,0.73981023,0.726570245,0.718659905,31736.04324,29506.74641,27924.66111,26322.14096,24689.71002,24503.25493,24470.04148,42495.97398,41214.41512,36095.72371,39107.77019,50619.92144,57881.63511,69667.83891,32095.72927,29863.66909,27745.8126,26458.66234,24868.24235,24406.16738,24129.87312,8386.288783,,31127.84035,46620.37756,47451.57947,47143.9803,48817.593,33238.07793,36511.20939,28549.86659,18952.31281,21308.28809,21969.49905,20021.36692,,25.443188,29.02468275,30.78766094,33.58832646,35.11208331,37.21304238,36.80664553
Community area,Kenwood,39,-87.596186,41.808918,0.638585506,0.648399337,0.682895753,50896.5303,51390.67548,53124.76516,49122.98046,46609.25848,43487.89193,42577.94171,84138.44775,84192.71538,86380.1067,76394.65058,73233.06488,72646.88849,70664.34515,40633.87335,36899.39237,41030.51494,41294.66168,38475.44898,34937.00065,34398.68557,60858.3209,59943.48149,55937.03444,39233.15267,39714.97356,42942.63022,35631.36601,58325.71444,95149.27091,84139.19898,26198.4989,64773.02419,58887.99061,57931.95081,,25.8233547,19.4314313,19.12214086,20.76870338,19.98114321,20.0071287,21.48276431
Community area,Lincoln Square,4,-87.687513,41.975182,0.619683464,0.597781398,0.637185304,52533.5405,51806.08298,50564.15055,50364.43481,48164.34611,46250.28971,44289.15499,61492.1627,59422.29415,58101.94974,58871.60983,58852.80638,58088.72924,54007.77847,58335.68252,50786.52034,41465.26318,40605.73539,29371.34959,24790.97791,31757.56352,41069.71091,40073.93197,34957.10694,34190.80635,34945.016,33670.68803,35159.46951,29181.20422,28992.97545,28664.32938,28267.40641,26771.23867,24426.25943,21847.47865,,7.656930308,8.160976675,8.417458536,9.48089012,10.60549846,12.05838731,12.38689969
Community area,Washington Park,40,-87.617936,41.792356,0.673985263,0.755944146,0.746545597,16901.50697,18639.25407,18338.53119,16393.09322,16733.02971,16553.91234,19389.13653,24362.56726,22599.59688,13386.13815,9446.627214,8301.096411,12926.6817,23315.60483,17359.28391,17256.02272,17152.91744,15817.12698,16000.08533,14816.39123,15733.43946,36340.73642,,,,,,,16673.45087,18982.43766,18822.23393,17781.82118,37199.77735,36387.51022,30364.25633,,42.30147215,37.18427355,39.00607342,42.07375512,44.7605665,45.00357695,41.29529303
Community area,Hyde Park,41,-87.592305,41.794088,0.540244547,0.462408703,0.48162616,48471.85119,51290.7741,51627.99988,47389.28267,45165.71983,41178.7667,39143.55214,57707.23953,57630.74786,54591.71898,51210.40791,49370.11005,48233.99421,45884.68434,44035.29905,44091.51225,42734.81374,39082.22001,39832.33249,36993.36847,36451.0629,36627.04589,37940.82488,40335.07542,38050.08913,35441.98137,37601.42936,30137.14563,39641.58831,31301.17464,28148.61834,27940.9948,24102.39908,21319.54339,18748.49306,29784.73301,25.39171006,20.82237568,20.468095,22.46270374,21.00168798,20.66222248,20.18442665
Community area,Woodlawn,42,-87.594924,41.778877,0.758514465,0.73727583,0.758691612,22660.89517,23169.62608,23062.86136,22468.9831,21136.01972,21137.6658,21290.47042,22596.85826,20905.73245,28008.48487,28748.80105,27746.22792,26195.76242,26257.55542,23164.82776,22161.83556,21442.68729,20310.2848,18998.15357,18742.27812,19379.95283,20902.48274,21749.91776,18491.21363,19590.77341,15515.06404,14871.22126,14313.70735,18338.5303,20923.19687,21705.70452,23949.1971,21573.65062,15608.9651,15912.59115,29784.73301,31.7275015,35.50761218,36.03812113,37.5196995,38.04565075,38.16370304,36.22068812
Community area,South Shore,43,-87.57279,41.761583,0.759536485,0.755826992,0.755578935,28115.05091,26513.82825,24860.0963,22838.49508,22292.81848,21632.79053,21606.6953,56158.69299,62641.87304,59681.70245,55480.15703,44594.44629,44633.39534,48384.29849,27569.18733,25067.53125,23164.3494,21087.74853,21034.71254,20513.84844,20433.115,59326.01132,37949.58018,31845.48433,20515.09572,11949.13152,10004.20583,9510.45367,22608.69714,17617.97034,22224.84533,19129.99704,22543.95358,22745.38929,17022.48879,,30.32189899,31.09504775,33.25664703,37.26238113,37.03283804,36.00001403,34.76826408
Community area,Chatham,44,-87.615965,41.740206,0.758285848,0.79032516,0.79207968,27310.76255,25881.91764,24382.01748,24608.80836,24323.40938,23986.25918,24404.84304,33140.40291,37722.49003,25008.31758,27737.13278,24863.50393,52779.52837,24743.46177,27477.20007,25330.73411,23971.72297,23609.05377,22437.44188,22420.5804,23390.88926,46962.51736,36996.70055,36831.55616,,,,7704.801193,23259.90083,33335.27782,64658.08516,37118.50956,17178.54331,20335.22638,16089.16668,,24.70085006,23.78522912,24.36243093,24.207415,25.73679863,24.42395551,23.57616338
Community area,Avalon Park,45,-87.586347,41.744197,0.808672268,0.810173935,0.816813737,30734.21934,26974.39364,26412.74603,25155.02318,24616.99805,25114.03049,26698.13266,54565.60842,45551.02859,47626.60734,23590.2737,23672.7387,120839.0965,115383.3557,30487.42038,26694.89648,26262.4777,25020.90483,24516.14817,24672.2361,25999.79209,46962.51736,36996.70055,36831.55616,,,,,19646.57164,7020.104942,16890.57551,16570.24602,17353.60949,22060.61488,12637.7063,,20.08576735,20.80542813,16.65159483,18.94149809,20.40189307,21.07238542,18.19745322
Community area,South Chicago,46,-87.551435,41.741243,0.755560493,0.758718656,0.758772908,20565.67425,19932.40716,19524.98736,19403.40387,18400.76709,18938.60736,19105.85935,19333.41319,17863.91092,20573.96783,23569.70852,25858.57258,30413.45419,29249.02154,21944.90643,21177.42771,19451.45682,19099.79139,18458.21182,18616.0262,18326.34293,,,,,,13155.63882,13195.85421,15938.85677,15861.37506,18205.94965,17668.92253,17140.50361,16979.97422,17339.27162,53190.10971,29.09655291,28.83807625,30.98064201,31.92021924,32.03150211,31.6519145,31.36797169
Community area,Burnside,47,-87.59647,41.728181,0.77139898,0.800342341,0.799146161,28026.86606,21203.63901,20241.73602,19621.66852,17738.49409,16320.46349,17002.59444,43770.52799,52307.94883,49242.87325,55121.59376,30549.19475,33871.07356,30435.19471,27239.47813,21079.56882,20124.82796,19493.48035,17686.89231,16327.67241,17007.38036,2833.981355,,,,,,,31420.19001,19766.43581,31548.34113,6024.978371,6303.730518,35143.94281,37273.61889,,11.67318501,15.70858549,17.73292642,17.58174188,32.75157573,35.70077301,31.92436118
Community area,Calumet Heights,48,-87.57272,41.729673,0.721330899,0.806259733,0.79287617,37839.60459,30876.24945,29621.19837,29964.52641,27494.90513,29197.73303,30458.54083,29828.20583,34215.87064,32935.64492,49387.32315,47440.89825,79230.79305,70073.3369,38204.90083,31345.04428,29933.08228,30300.71521,28015.37139,28624.62096,30623.16063,46962.51736,,,,,,,30415.74008,26824.53391,27742.51437,23681.06656,19693.15962,20340.03847,13754.29495,,14.36655663,15.66590332,15.47106482,16.62662739,17.11660554,12.56484593,15.44565284
Community area,Roseland,49,-87.623366,41.706588,0.789210036,0.802179216,0.792419279,21959.07287,23257.05938,23062.50663,22310.14678,22066.31923,21898.62024,20112.03455,16404.96893,23189.36929,19041.22356,17575.61163,26283.16124,18662.9161,19544.8896,22026.60743,23182.91708,22562.36209,21834.053,21511.3537,21518.02943,19622.76889,2833.981355,2757.652859,10541.04581,24637.75124,23823.8628,22223.77345,22373.21482,15289.77559,14787.17359,18695.76395,38632.33872,50409.69878,47548.20998,13633.15829,,23.12493051,23.40932363,26.19737367,25.85846527,28.45735213,25.72711764,24.85331775
Community area,North Center,5,-87.683839,41.947811,0.352163734,0.401883116,0.460133253,82465.61551,77989.28384,76270.63838,70501.13247,67112.19857,66569.66263,64905.32301,91085.07301,84741.43394,83765.56106,78640.30734,74973.93687,74171.52907,73125.64075,60071.22938,57733.32647,49577.29762,48599.14049,47734.62024,42204.76895,39726.56928,110893.8417,100045.6822,93808.17225,87107.47442,78606.78882,73762.15273,48539.74174,47064.11825,40603.71865,37624.67333,37726.48478,35661.31871,33802.31895,31392.71761,,4.40499407,5.289348181,4.710777089,5.139853649,5.598288124,6.160971748,6.332111297
Community area,Pullman,50,-87.598252,41.706131,0.797432642,0.801515714,0.797170368,30427.77363,26566.81705,26027.45675,25169.95078,23466.60161,23574.55561,22403.80752,40965.25792,39260.30717,42655.08472,46495.98725,42713.56882,36377.83841,35411.76049,30147.17613,26994.96162,25691.43321,24637.95452,22944.09168,23864.51387,22493.32557,40702.2536,44702.79962,80110.79106,39774.61789,,,,18253.47721,15395.98631,18277.8117,15569.11202,16103.18908,17558.7166,20799.21688,,16.83862513,19.74318662,22.82699763,22.35138127,25.49383986,25.38529926,28.13637135
Community area,South Deering,51,-87.570058,41.690639,0.767837275,0.753443548,0.757024146,20297.73788,19130.1893,18683.00336,14601.75151,14296.06431,14070.31324,14760.67964,33816.03857,34622.54694,31101.0486,29755.98006,26085.29918,23525.2506,24191.70278,21108.40947,20946.88587,19864.86069,17659.10299,17757.90839,17482.64985,17828.48717,,44702.79962,80110.79106,39774.61789,,,,17178.85495,16180.58403,17209.69523,17821.77839,16733.66774,19201.03338,16761.79592,55689.99955,33.13797472,38.26963916,38.33369988,42.99485972,42.26336544,42.00397759,38.11220724
Community area,East Side,52,-87.534907,41.707306,0.785329334,0.767722986,0.761571879,23029.45276,19676.08067,18631.05886,18176.78098,18211.8122,17963.05297,17576.40645,39292.71995,38170.66484,34559.38828,32187.32884,32253.69369,30238.28833,29366.12049,20731.78766,19358.67104,16977.66739,14980.88002,13702.42279,10265.70064,20806.9167,,,,,,,,20531.52004,18412.07142,17543.86168,17597.54581,18336.6569,17886.78408,17874.31761,31656.7774,15.33599912,17.91975221,17.67641378,20.11228704,23.24857445,24.78025727,27.13734872
Community area,West Pullman,53,-87.635745,41.67382,0.797905905,0.807202337,0.808704714,23726.97488,23468.29952,21509.09675,20546.35235,19913.72255,19217.22355,19120.12715,30233.97085,30591.33276,10498.3108,10422.76063,10992.44183,14230.14165,50354.04587,24109.26755,23422.1149,21563.83947,20387.64799,19668.3925,19242.14309,19052.53756,,,10521.14534,24633.42133,23823.8628,28477.88783,6548.547137,19252.7616,18179.42685,18096.85478,17055.23889,16488.96362,14019.83427,13285.65142,,22.15779667,22.40858195,25.62955689,27.95027194,29.86636677,33.10958104,33.84346289
Community area,Riverdale,54,-87.602849,41.660137,0.677960112,0.620560615,0.605234966,15010.7605,12844.3794,12476.37582,10867.43159,9862.316966,8128.235821,8820.948313,37886.6399,38241.93315,40345.83707,37987.65204,37729.59645,37505.02117,14820.79031,13247.6544,10405.89002,9929.437429,8927.484827,7751.106326,7943.089542,8490.955037,48555.62823,44702.79962,80110.79106,39774.61789,,,,22007.89329,9196.194991,6018.717285,12256.02802,11198.38253,10742.67065,11362.02174,,47.72375855,53.85968225,59.1787083,62.82495694,65.54073478,62.99294234,61.60927139
Community area,Hegewisch,55,-87.556803,41.668188,0.814266513,0.790605867,0.769425909,29245.833,28676.73891,29342.59956,30441.34295,31995.77914,29201.66074,27884.55809,32118.22102,30785.15905,30243.30983,31638.98654,33255.83234,33411.25198,34924.44808,14867.43704,37309.53862,30960.065,41099.1245,34525.35682,28486.77084,14102.31387,,,,,,,29810.36485,29100.07087,26526.21957,27790.71317,29209.12336,30853.65748,24519.57767,22162.34971,10803.69761,15.62056808,16.79079736,17.55508549,14.7163772,14.68366484,16.15596328,15.65938386
Community area,Garfield Ridge,56,-87.764246,41.796185,0.735706972,0.735499502,0.737339798,34193.81896,32011.85393,31897.41625,31362.51267,30176.53319,29402.39364,29716.70906,43963.63913,42815.33676,42009.27899,40918.43552,38893.81504,37639.13764,37984.64581,25898.64114,21206.43355,21310.85675,21204.60508,21421.60943,24328.45512,22046.58402,34022.29718,25342.18099,24195.42603,21617.68711,22193.61752,20022.39478,25825.47005,28205.91465,25863.07008,26274.30327,25532.23152,24835.67496,23646.43249,23285.35157,15552.64517,8.477016652,8.46991025,7.466707229,7.455544546,8.502083252,8.86895226,9.699791514
Community area,Archer Heights,57,-87.726365,41.810873,0.792835011,0.796132207,0.791698407,22459.55329,22064.92233,21543.81158,22249.24996,22561.03935,21327.41055,20371.27016,37414.62424,33965.3369,31676.04362,31777.00982,29885.62702,29009.3604,26816.54514,34755.61947,34884.83845,35154.50221,34070.39064,59894.05302,14234.5587,12133.9501,24649.58738,21100.51283,19476.6428,18159.58491,17546.23544,15971.64885,21517.48377,19047.91526,17631.71097,17290.15414,18015.79715,17970.55944,17292.54536,16677.78493,28502.11668,11.11452943,14.12795579,18.15750452,18.64496333,15.40597215,14.94714975,13.25392672
Community area,Brighton Park,58,-87.698859,41.817364,0.769987463,0.757984527,0.76052019,19193.81815,18085.6281,17333.55498,16927.16793,16531.9421,15086.62252,14748.85664,31696.15066,37486.76124,36299.56339,35318.67896,36016.24647,31614.60746,25759.25869,24942.77635,12689.15932,12846.20316,13561.95887,12719.12991,10303.10331,8046.278176,25030.15265,24579.41742,22585.95193,21485.73996,21529.48779,18284.87819,16511.67926,17434.50161,16073.16659,15694.0394,15476.42819,15089.0144,13982.99568,13895.90994,22726.33886,20.55350018,23.72316803,23.59579972,24.98230399,25.92223489,27.74744159,27.66841615
Community area,McKinley Park,59,-87.6725,41.829927,0.800059349,0.813902284,0.810136797,28459.71244,24472.61105,23485.97395,22677.68068,21648.27695,20720.83092,20298.66414,39026.91409,36140.58017,33264.92157,33141.7148,31758.09091,31127.56747,27733.55459,44876.99884,22881.45338,19194.2802,23983.46924,13791.1763,14782.90313,15701.81876,29111.13429,22558.3669,23159.82689,24973.22931,23747.20489,19863.8921,19422.43407,24191.64396,21278.49278,19916.53644,18509.74685,17635.6519,17720.14769,17839.35814,46989.11528,12.90446314,19.2263801,23.26927068,26.15978243,26.08694011,28.92011003,26.54959454
Community area,Lake View,6,-87.656001,41.944236,0.368761513,0.376525968,0.375308924,79340.42557,80680.87361,77734.19737,76565.18209,74413.94324,72455.2825,70851.67314,86305.00114,84702.87192,81786.14382,80723.19926,78576.66653,76710.29575,75657.08599,48150.45694,50621.94047,46665.98935,48781.60659,48921.07885,38944.85339,34482.44055,74739.00649,77171.27583,76986.80988,76191.68977,73302.24953,74378.52842,77145.39586,48778.84279,47454.78442,45358.00101,41727.71259,40859.99504,39128.42474,35981.30948,,8.553918045,7.920006136,8.340884065,8.765066428,9.596258002,10.58384563,11.60636862
Community area,Bridgeport,60,-87.648784,41.836151,0.762505547,0.774757984,0.776528511,33484.3947,32595.53551,30629.71881,29272.44342,28183.20791,27476.18945,26141.76728,48944.36286,43477.43101,41217.53759,38619.81312,38063.60147,36659.35824,35201.24198,31756.90855,24268.71224,20019.80874,20233.79531,22440.48999,21325.35722,26031.71862,26165.20235,25410.95444,24381.0057,23645.06107,21314.41282,21643.64161,20613.43864,23645.06257,23680.99656,21918.91898,21480.35762,20596.86684,20219.34896,21296.62505,146127.6247,14.67729812,14.67960241,16.39897692,17.33955764,19.23315475,20.68785859,20.29605443
Community area,New City,61,-87.659171,41.809017,0.743406955,0.757485357,0.758764842,18864.21474,21519.99494,19416.59812,18972.34167,17460.5778,17045.24673,16548.21839,36276.25203,33573.84739,31633.82926,31541.46768,30006.31642,27928.89365,25724.089,18550.75255,17911.22681,16358.12007,15792.39007,14234.65844,12963.66042,12215.39839,35791.47681,27245.19393,27712.26562,27364.64525,25521.16628,27519.27633,28207.57659,16349.25528,14670.86898,13251.28449,12365.64555,11676.05329,11935.42234,11827.87391,20059.95476,28.87604169,24.82532523,24.94466262,27.00430451,28.38739451,29.03198333,32.25517376
Community area,West Elsdon,62,-87.724213,41.792977,0.795822812,0.787414738,0.785328821,24217.42982,23694.08721,21920.72693,21687.88241,19656.89118,18041.72789,18341.36631,40893.93309,36918.77595,32193.69881,33058.33255,31197.23557,28034.62926,26557.50115,32880.81701,18223.51523,22100.13517,20690.79154,15222.32772,16085.08125,31616.38099,19348.14091,21941.60613,26661.15196,28776.38659,32951.46466,28388.63362,28245.65231,21440.15348,20949.24633,19756.10848,19166.95298,17143.93858,15640.6222,16080.56434,17603.22693,11.63220884,9.031988493,10.76870548,10.78220484,14.25262489,19.12438598,16.26721993
Community area,Gage Park,63,-87.696433,41.795429,0.752576497,0.75271418,0.737840487,16967.25724,16772.99727,15626.5892,15352.81664,14321.44067,13985.36189,13612.39285,28306.61211,27763.1599,24060.28039,19951.13581,22751.36718,23436.42265,25704.52455,17983.06104,19276.21396,18412.06617,17470.58724,15691.23519,15605.54245,16481.21543,25630.4767,22381.8113,19962.42165,18547.59758,9533.879376,10857.27233,22714.91964,16340.43094,15993.51739,14946.32141,14846.82295,13971.45138,13469.0404,12861.23969,21487.65289,17.32596846,18.19114849,18.78894299,18.15916159,20.93202525,23.22248131,24.27803184
Community area,Clearing,64,-87.768517,41.779582,0.781015437,0.794909971,0.796018339,29077.80159,29019.49039,28936.64839,29131.69104,29281.75429,28477.68909,28555.66871,36793.82721,37445.60752,37969.24382,37279.50105,36008.34848,35197.15797,35570.72422,32944.98465,28310.725,35105.00076,30155.01526,34363.49725,35739.44576,23177.16819,20744.1939,19201.86193,35045.8241,37597.27794,32872.3895,27614.0148,29020.67122,24111.35111,22722.96239,22066.94396,21410.44582,22208.91318,20858.41109,21055.42679,12424.62112,8.099003462,8.766306366,8.832324963,9.237987739,10.53357919,9.927624719,9.404897844
Community area,West Lawn,65,-87.726927,41.769774,0.795951373,0.801825776,0.797821439,22993.45057,24822.87815,23149.93014,21240.35264,20893.11119,21296.49563,20609.91127,35680.4702,36663.11753,34312.58735,32350.16265,33046.76442,32797.08959,31541.17307,51845.26799,42484.7577,38733.92929,26022.61851,23449.10544,22914.06944,24682.49134,31618.07956,30190.85112,22907.75318,22724.92478,22727.10702,16348.94925,15644.29589,20585.92969,20426.20041,19306.47702,18243.62515,17431.54008,17740.8706,17316.66141,23402.58919,17.13095567,12.66707748,13.08630133,15.38357546,16.01825439,14.07450227,18.7387315
Community area,Chicago Lawn,66,-87.695667,41.771849,0.764470214,0.761680681,0.755460061,18451.25136,17543.48961,16603.29212,16245.94116,15960.6285,15445.31416,15031.03313,28689.19419,34135.79894,31278.16153,29881.10996,26828.36116,27178.56137,22658.66972,20199.9542,18953.79741,17603.79469,16966.58457,16892.73138,16273.83089,15824.96757,67200.17542,42054.76651,64334.66534,54363.22245,55953.88061,15541.00402,15203.37857,16935.7766,15560.87043,14899.35356,14603.38131,14153.53814,13197.36329,12910.50994,35217.08553,22.8971793,24.24727808,26.19351063,28.92608241,32.22975389,32.89295606,34.68885957
Community area,West Englewood,67,-87.666598,41.775926,0.723645088,0.742437014,0.74515133,18358.16418,17580.67625,17037.63953,16312.16705,15379.25849,14482.5634,13839.1287,16716.51245,14793.08358,16885.94,17639.24018,12620.25842,12163.35857,23174.09415,19014.01703,18184.69502,17707.90128,16962.61995,16142.13309,15008.66066,14260.07258,32622.26009,32520.48058,12429.572,13611.65953,,,22979.89159,10147.89882,11522.33909,11063.83216,10876.31691,10619.85168,11327.31222,10220.20444,,32.28086077,33.27760618,32.98216295,34.24595954,36.49283716,38.19186093,38.22653031
Community area,Englewood,68,-87.642502,41.777201,0.690056542,0.71822966,0.716621613,16350.83723,16684.15694,16437.06003,14688.20571,13476.60135,12773.27358,12508.54942,26777.50927,19770.30144,16344.64681,13227.12684,26915.15404,24968.37529,24773.32704,16221.49505,15224.12067,15784.26046,14411.46742,13658.31036,13052.90344,13073.41486,30955.12911,21731.94188,23638.6135,24152.04419,26328.67131,58991.85624,58535.65088,11809.38587,6847.942515,7663.586959,6296.074897,7036.479074,7727.627851,8637.455084,,40.85606872,40.10256256,41.65237693,45.1407005,44.39007128,45.73413082,49.59501415
Community area,Greater Grand Crossing,69,-87.616139,41.763251,0.751426864,0.743630257,0.727561511,20866.95962,19158.5025,17987.59922,17994.39239,18072.64023,18049.10798,18380.44612,27115.81201,29132.28803,11559.17924,17465.70563,20564.79874,15290.96057,28698.40999,20736.81565,19608.95713,18629.81801,18415.57761,18357.31118,18255.08759,18539.44006,46609.28807,36996.70055,36831.55616,,,59051.79739,52755.02584,19865.57987,25792.18051,26727.05718,31369.8199,49917.22557,57175.94935,14186.86661,,33.41083386,35.86726727,37.50976859,38.8549827,38.5666605,39.71542661,39.53151161
Community area,Lincoln Park,7,-87.649491,41.922696,0.327730142,0.32838547,0.347487428,94927.34078,94590.59008,90079.47526,82628.94993,81162.18716,81953.60329,79329.43627,102918.9317,101809.658,98038.35523,89764.46735,89232.1041,88267.03641,86278.76707,39150.36806,31626.22999,32142.45771,32243.51735,30571.27069,29432.997,34170.43142,89777.98224,94218.54511,88901.81291,80058.4391,68873.81045,74223.98164,62996.02364,48349.81788,48742.25664,41510.88884,39704.99504,37989.08777,40310.07716,35239.86373,,8.863711429,9.14617441,9.528853911,10.76586974,10.84061301,11.1675681,13.25392041
Community area,Ashburn,70,-87.708363,41.745756,0.801726693,0.790159463,0.786666021,27274.82442,27176.02132,26876.09331,27066.54758,27228.06601,26801.58932,27093.69805,37479.5618,33049.36547,33514.66591,33743.60053,32014.25512,32195.83087,34525.30346,32064.1305,31541.73858,30677.00223,31599.65022,32314.70892,31743.12669,32791.89295,83640.02548,51782.98988,47058.30212,38372.4411,27677.75304,24730.06904,17746.9118,18991.64986,19500.63289,18994.74092,18210.02467,17771.94406,16938.36058,16185.36268,13242.34626,13.54200826,13.11170956,11.79972092,11.88370327,12.73308284,13.13296914,13.57411523
Community area,Auburn Gresham,71,-87.656305,41.744203,0.787598857,0.7907425,0.796050042,21812.50938,21276.91288,21138.63543,20601.57244,19268.27649,19027.49731,18721.20101,26371.72525,25800.72844,18347.47049,32052.58518,33568.1178,36602.17735,15131.74904,21989.73365,21109.54401,21379.77763,20730.8617,19381.67381,19187.8287,19058.68495,13687.85788,14239.04526,19375.38244,30185.89587,29262.97219,32261.20136,31822.34504,14202.56014,14507.63881,11983.75057,12101.0207,15020.61682,12750.59991,11405.70116,,25.01200878,25.16863313,26.47943658,29.75856275,29.90708172,30.18360904,31.51317427
Community area,Beverly,72,-87.675072,41.713148,0.579539509,0.570443703,0.565147011,58490.92514,56388.93892,53154.77902,51119.20423,49636.13059,46565.78872,48576.0994,65343.35198,62946.74732,59949.86234,57381.55739,55377.75338,51483.32289,52791.97053,51607.42723,43261.57693,43021.44067,40997.28413,40435.3393,39743.5927,42619.67325,152896.4038,154785.2769,26935.82254,33046.39632,35554.30267,51534.50677,27090.43149,33930.90861,36348.48199,36289.67591,41633.03627,37544.3415,37024.26244,39652.36151,14201.52427,6.271148334,4.691243438,4.186098642,4.283760111,3.59751097,4.30526955,3.45643369
Community area,Washington Heights,73,-87.648897,41.717495,0.791393503,0.799105936,0.804556077,25527.48278,25831.78287,25715.74717,25044.95701,25129.95851,24694.68988,22811.84736,40793.57222,40669.11999,34862.37974,47182.48702,36188.22195,33752.2053,16080.22712,25696.9463,25594.87963,25586.33918,24632.39897,24878.4143,24343.88087,22515.79561,71934.8444,87643.31525,15784.95264,53597.13724,,,,5951.097686,9416.5178,15981.69707,15834.22865,19890.9247,26222.95352,25260.82305,,20.18031554,21.07600005,19.79252725,19.38868753,18.72611886,15.79967117,17.45950662
Community area,Mount Greenwood,74,-87.713189,41.694876,0.589220472,0.616306248,0.637426969,44325.39356,42414.32617,42097.66764,40252.90577,39229.66553,37370.61378,38882.65846,47176.10698,44395.96611,43690.05241,42297.01874,41722.6139,39185.6761,40575.12227,37873.724,50466.36639,46004.62807,40838.35671,36066.27522,31569.85832,35815.74707,36255.44307,26152.53534,17239.3302,16514.05883,11924.74594,10071.51906,11765.42877,25217.39859,27599.64685,26535.11762,28654.1061,28065.81986,31840.90353,26377.07245,14201.52427,4.597292068,4.641217495,4.146137506,3.743779385,4.378415138,5.030995721,4.285928052
Community area,Morgan Park,75,-87.669062,41.689729,0.722922365,0.730687402,0.708285023,36674.45626,35956.7141,34466.26312,32575.99896,32036.24839,31277.71815,29813.78718,52538.94252,53990.47197,51532.81452,50145.77897,50286.57844,46667.86919,42287.47169,29417.20535,28981.29868,27793.24102,25911.13405,26244.62331,26388.42019,25600.58316,46056.08088,57030.48495,52311.79437,53255.93337,49255.12455,33915.8562,28496.02311,33747.14136,31527.99271,27868.73128,24939.01126,17336.2022,13544.53087,11788.25909,,11.58290664,11.89004956,19.10967295,18.33320187,20.09307393,18.90570162,19.68161453
Community area,O'Hare,76,-87.893699,41.975696,0.788844822,0.782624772,0.80732486,36999.37237,32105.5427,30096.72359,30442.38931,30481.19835,30302.33766,28356.80038,36806.5013,33748.52805,31984.25734,32942.68231,32256.8957,29795.25203,29176.3369,34943.75359,28620.45821,36888.51219,16602.24082,32408.00708,51824.11665,52302.83511,40725.15704,34685.08174,35100.94739,35084.55039,35624.12905,30312.37994,31487.41892,27868.16961,25472.39826,25856.36954,27452.54045,29342.22051,33680.68429,21574.93327,10402.15544,10.84929989,13.28540386,13.5018522,10.76674483,11.22611584,12.73586375,13.4227725
Community area,Edgewater,77,-87.663419,41.986719,0.672793561,0.646263316,0.694553032,46560.80448,49902.44914,48396.59969,46346.80162,44817.29952,44328.70704,42983.03545,56792.83134,58298.40452,57522.27828,56650.44448,55131.17328,55370.31541,53626.47751,32046.29453,31610.08388,29933.37886,27160.35418,25646.83777,27099.89778,28219.78672,46463.01943,40625.11005,38688.23781,40781.38317,35697.1883,32633.59435,31684.95153,29112.43147,29870.94966,29381.55016,28535.2034,25646.09535,25037.95181,24034.44187,,14.86230358,13.15240163,14.57607482,15.22715365,16.64417322,16.77593268,16.45809217
Community area,Near North Side,8,-87.633318,41.899611,0.325930514,0.402102371,0.420538966,109150.8605,102621.2152,99073.39136,95652.67581,96097.69411,94617.39152,92201.15161,122214.0741,120609.7615,116751.9532,115195.2033,115771.7374,115116.6741,114795.0597,64876.79403,57556.46966,46859.38082,39855.70743,36354.26054,32941.95787,30124.17273,99794.24112,91792.16097,85182.36545,80325.36913,76151.09981,77054.05526,74774.09164,64357.82203,63533.08676,60969.18925,67097.69344,67368.56387,82008.42343,80058.97936,7658.810899,9.757465962,9.425435988,10.12333341,10.73057044,12.14024048,13.1181761,13.96223488
Community area,Edison Park,9,-87.81378,42.007627,0.440766226,0.499395423,0.523983985,64650.31542,62226.03812,58690.13978,56395.37732,53626.63642,50000.57734,46470.49275,67734.64149,67786.13101,64008.09841,61388.78939,55934.29369,52466.25699,48045.05713,46754.42745,34811.3909,44524.53044,44881.24349,43530.57608,48021.86548,48229.35742,62209.9661,65920.13672,66602.38518,60128.43022,48175.71518,42958.5629,39079.28061,39973.83665,39643.71172,34703.3294,33591.5629,33133.96458,33252.97444,31187.21526,,3.264055001,3.505145664,2.900936289,2.81646001,1.692513172,2.081544529,2.623184786
